{"cpus": {"AMD-Ryzen-9-5900X": 3474, "Intel-Core-i7-12700K": 5917, "AMD-Ryzen-5-5600X": 2021, "AMD-Ryzen-7-5800X": 45702}, "cpu_coolers": {"Noctua-NH-L9": 3465, "NZXT-Kraken-Z-3": 9591, "Noctua-NH-D15": 35776, "Cooler-Master-Hyper-212-RGB-Black-Edition": 9792, "Corsair-iCUE-H115i-Elite-Capellix": 32500}, "mainboards": {"Asrock-B450M-Steel-Legend": 9748, "Asus-Prime-A320M-K": 3168, "Gigabyte-GA-A320M-S2H": 6457, "MSI-Z390-A-Pro": 6449}, "ram": {"G.Skill-RipJaws-V-DDR4-3600MHz": 4361, "DDR4-Kingston-3600MHz-Fury-Beast-RGB": 5147, "DDR4-Corsair-3600MHz-Vengeance": 65385, "DDR4-Corsair-3600MHz-Vengeance-RGB-PRO-SL": 2374}}